,Stock
0,AIM
1,SVRA
2,APT
3,CRC
4,SNCA
5,CVM
6,DDD
7,DSS
8,DPW
9,EGO
10,GBR
12,IGC
13,INO
14,ISR
15,CEI
16,MGT
17,NAK
18,NBY
19,NOG
20,OPK
21,PLX
22,PTN
23,REXN
24,ROX
25,VHC
26,ZN
27,CL_F
28,ES_F
29,GC_F
30,AUDUSD
31,EURUSD
32,GBPUSD
33,USDCAD
34,USDJPY
35,DJIA
36,SPX
37,VIX
38,AAPL
39,ABIO
40,ACAD
41,ACHN
42,ADBE
43,ADSK
44,AEZS
45,AGEN
46,AHPI
47,AKRX
48,ALGN
49,ALXN
50,AMAT
51,AMGN
52,AMRN
53,AMZN
54,ARIA
55,ARNA
56,ARRY
57,ARWR
58,ASTC
59,ASTI
60,VCEL
61,ATHX
62,ATVI
63,AXAS
64,BBBY
65,BCRX
66,BIDU
67,BIIB
68,BLDP
69,CBLI
70,CELG
71,CLDX
72,CLSN
73,CMCSA
74,COST
75,CPRX
76,CPST
77,CRIS
78,CSCO
79,CSIQ
80,CYCC
81,CYTR
82,PSTV
83,MTP
84,DCTH
85,DGLY
86,DLTR
87,USAU
88,DRRX
89,DRYS
90,DVAX
91,DYNT
92,EBAY
93,EGLE
94,ENDP
95,EA
96,ESEA
97,RSLS
98,EXAS
99,EXEL
100,EXPE
101,FCEL
102,FOLD
103,FSLR
104,GENE
105,GERN
106,GILD
107,GLUU
108,GOLD
109,GOOG
110,GPRO
111,GROW
112,GSAT
113,ONCT
114,HIMX
115,HMNY
116,MARK
117,HUSA
118,IBB
119,ICON
120,IDRA
121,AWSM
122,ILMN
123,IMGN
124,IMMU
125,INFI
126,INTC
127,IRBT
128,IONS
129,ISRG
130,JBLU
131,KERX
132,KNDI
133,THMO
134,KTOS
135,LAKE
136,LGCY
137,LIFE
138,LJPC
139,LRCX
140,LULU
141,LXRX
142,YTEN
143,MBRX
144,MELI
145,MNKD
146,MOSY
147,MRNA
148,MRVL
149,MSFT
150,MVIS
151,MYL
152,NEPT
153,NFLX
154,NIHD
155,NKTR
156,NLST
157,NTES
158,NURO
159,NVAX
160,NVDA
161,INSG
162,NYMT
163,OCLR
164,ACHV
165,OPTT
166,ACER
167,ORCL
168,OSTK
169,BKNG
170,PENN
171,PGNX
172,PLUG
173,CDMO
174,EYPT
175,PSEC
176,PSTI
177,SAVA
178,QCOM
179,MEET
180,REGN
181,REXX
182,RIGL
183,BB
184,RLOG
185,RMTI
186,RPRX
187,RGSE
188,PHIO
189,SBUX
190,SCON
191,SEED
192,SGMO
193,SHIP
194,SHLD
195,SINA
196,SINO
197,SIRI
198,SNSS
199,AIKI
200,SPPI
201,SPWR
202,SSYS
203,STEM
204,STMP
205,STX
206,AOBC
207,SWKS
208,SES
209,AAXN
210,TEVA
211,ARMP
212,THLD
213,TNDM
214,TOPS
215,TTWO
216,ULTA
217,WWR
218,VRTX
219,VVUS
220,WFM
221,DCAR
222,WYNN
223,XLNX
224,XOMA
225,YHOO
226,ZIOP
227,AA
228,ABT
229,ABX
230,AG
231,AGN
232,AKS
233,ALB
234,ALK
235,AMD
236,PYX
237,APA
238,AUY
239,AXP
240,BA
241,BAC
242,BBY
243,BMY
244,BP
245,BUD
246,BX
247,C
248,CAT
249,CCL
250,CHK
251,CLD
252,CLF
253,CMG
254,COP
255,CPE
256,CRM
257,CTL
258,CVS
259,CVX
260,CY
261,DAL
262,DB
263,DE
264,DIA
265,DIS
266,DNR
267,DPZ
268,EEM
269,KODK
270,F
271,FAS
272,FCX
273,FDX
274,FL
275,FNMA
276,FTR
277,GDX
278,GE
279,GLD
280,GLW
281,GME
282,GS
283,GSK
284,HAL
285,HD
286,HK
287,HLF
288,HON
289,HPQ
290,HTZ
291,IBM
292,IVR
293,IWM
294,JCP
295,JNJ
296,JPM
297,JWN
298,KO
299,KR
300,KSS
301,LL
302,LLY
303,LMT
304,LOW
305,LB
306,LUV
307,LVS
308,M
309,MA
310,MAR
311,MCD
312,MDR
313,MDT
314,MFA
315,MGM
316,MMM
317,MO
318,MRK
319,MRO
320,MS
321,MU
322,NAT
323,NEM
324,NIO
325,NKE
326,NLY
327,NOC
328,NOK
329,NVS
330,O
331,OILNF
332,OXY
333,PBR
334,PCG
335,PEP
336,PFE
337,PG
338,PM
339,PTI
340,RAD
341,RCL
342,RIG
343,RTN
344,S
345,SCO
346,SGY
347,SKX
348,SLB
349,SLV
350,SNE
351,SPXU
352,SPY
353,STM
354,STZ
355,SWN
356,T
357,TGT
358,TLT
359,TNA
360,TSM
361,TXN
362,TZA
363,UAA
364,UCO
365,UNG
366,UNH
367,UPS
368,USO
369,RTX
370,V
371,VALE
372,VLO
373,VMW
374,BHC
375,VTI
376,VXX
377,VZ
378,WBA
379,WDC
380,WFC
381,SUNE
382,WFT
383,WLL
384,WM
385,WMT
386,WTI
387,WW
388,WWE
389,X
390,XBI
391,XLE
392,XLF
393,XLK
394,XOM
395,XOP
396,YUM
397,RCON
398,FB
399,TWTR
400,AVGO
401,BIOC
402,CPHI
403,LTBR
404,OMER
405,GDXJ
406,DG
407,ZNGA
408,YELP
409,SQ
410,ETSY
411,Z
412,NTDOY
413,CREG
414,ANTH
415,CNET
416,SQQQ
417,TQQQ
418,DAX
419,ALT
420,CGC
421,PTX
422,SOXL
423,GRPN
424,P
425,RDFN
426,SPLK
427,AVEO
428,BLIN
429,BSPM
430,SDRL
431,CRMD
432,OAS
433,TSLA
434,GASL
435,ROKU
436,SPOT
437,NXPI
438,XSPA
439,VOO
440,UAL
441,BIMI
442,SEEL
443,AMRS
444,CLDR
445,GM
446,GLBR
447,ZGNX
448,XAUUSD
449,GLBS
450,LEDS
451,TVIX
452,XIV
453,IBIO
454,KMI
455,PSHG
456,TRNX
457,NUGT
458,NAVB
459,CCCL
460,ECYT
461,GEVO
462,QQQ
463,IPCI
464,GNC
465,LKM
466,LNKD
467,SAVE
468,NCLH
469,CZR
470,GNMX
471,DUST
472,CLVS
473,ACRX
474,HZNP
475,LODE
476,LUMO
477,ORIG
478,KORS
479,ABUS
480,AMPE
481,TRIP
482,BCEI
483,GOGO
484,VSTM
485,MACK
486,UVXY
487,NASDAQ
488,SLS
489,ET
490,ENPH
491,PSX
492,ONVO
493,IMUC
494,SVXY
495,ATRS
496,SGYP
497,NOW
498,UGAZ
499,USLV
500,SSH
501,PANW
502,SRPT
503,DGAZ
504,GALT
505,FET
506,SCTY
507,WDAY
508,HEAR
509,BLRX
510,SYN
511,RH
512,VIPS
513,ICPT
514,AMBA
515,TROV
516,ABBV
517,YY
518,NVIV
519,MEIP
520,TGTX
521,TTNP
522,SPHS
523,SNGX
524,ATOS
525,TMUS
526,I
527,NRZ
528,PBYI
529,EVOK
530,TWLO
531,ONTX
532,OLED
533,RGLS
534,OCRX
535,INSY
536,PGEN
537,GLG
538,UBER
539,NSPR
540,TTPH
541,ADXS
542,FEYE
543,CGIX
544,TNXP
545,NNVC
546,TXMD
547,VEEV
548,GWPH
549,XXII
550,IMUX
551,BLUE
552,EGLT
553,JNUG
554,JDST
555,EROS
556,KPTI
557,IDEX
558,CARA
559,SINT
560,TRVN
561,SPXL
562,APPS
563,AMC
564,SRNE
565,AAL
566,MICT
567,OHRP
568,VXRT
569,ADYX
570,PINS
571,SNAP
572,DWTI
573,SPCB
574,BPTH
575,ARGS
576,SESN
577,GNCA
578,ACST
579,ADMP
580,CNAT
581,MNGA
582,ITCI
583,PRTY
584,VISL
585,PED
586,BOX
587,SAEX
588,TCEHY
589,GRUB
590,BSTG
591,COUP
592,NLTX
593,MNK
594,AKTX
595,HTBX
596,AGRX
597,AKAO
598,ENSV
599,WATT
600,GOOGL
601,SCYX
602,DARE
603,ANET
604,INPX
605,WB
606,UWTI
607,TRXC
608,LPCN
609,ATNM
610,PTLA
611,JD
612,MRNS
613,NVCN
614,XNET
615,HRTX
616,OGEN
617,SPXS
618,MGEN
619,SAGE
620,BABA
621,CYBR
622,ZSAN
623,LPTX
624,OCUL
625,CANF
626,MTBC
627,EARS
628,MBLY
629,MARA
630,TTOO
631,EYES
632,NVUS
633,W
634,CALA
635,RWLK
636,VSLR
637,JAGX
638,NETE
639,PLAY
640,VKTX
641,ESPR
642,TENX
643,NXTD
644,FCAU
645,AAOI
646,NEOT
647,AKER
648,MOMO
649,JUNO
650,SONN
651,LC
652,ADMA
653,OCGN
654,BLCM
655,ANY
656,SHAK
657,CFRX
658,AUPH
659,CBAY
660,NVTA
661,AVGR
662,TRIL
663,TCON
664,SLRX
665,CHEK
666,BLPH
667,VUZI
668,SEDG
669,RKDA
670,BIOA
671,VLRX
672,LYFT
673,GBSN
674,SHOP
675,KMPH
676,OPGN
677,DTEA
678,RTTR
679,BZUN
680,HTGM
681,ABEO
682,FIT
683,OHGI
684,PYPL
685,CATB
686,AXGT
687,CVRS
688,GBTC
689,ONCS
690,PRPO
691,LABU
692,TDOC
693,BPMX
694,IMNP
695,LABD
696,GUSH
697,DRIP
698,MYOS
699,PLNT
700,NBRV
701,PIRS
702,VTVT
703,CERC
704,SRRA
705,BOXL
706,APDN
707,HEPA
708,PULM
709,KHC
710,RUN
711,ZYNE
712,AIMT
713,AEMD
714,NTEC
715,EYEG
716,CETX
717,AVXL
718,MTCH
719,POAI
720,WORK
721,TEAM
722,AXSM
723,OKTA
724,EKSO
725,EDIT
726,SUNW
727,WKHS
728,IDXG
729,KTOV
730,UA
731,CAPR
732,LLEX
733,VBIV
734,XTNT
735,ACIA
736,CBIO
737,YUMA
738,RNVA
739,CLRB
740,CRBP
741,UAVS
742,MYT
743,STAF
744,EDSA
745,VIVE
746,WTRH
747,OTLK
748,SENS
749,ANIX
750,ENRJ
751,APVO
752,TTD
753,VTGN
754,APTO
755,NOVN
756,NTNX
757,OBLN
758,SNES
759,CRSP
760,CDEV
761,SRAX
762,DMPI
763,IIPR
764,IZEA
765,PXS
766,WORX
767,XBIO
768,MBOT
769,UWT
770,DWT
771,LMFA
772,APRN
773,DFFN
774,DXTR
775,RIOT
776,NAKD
777,MYSZ
778,NBEV
779,GOOS
780,IFMK
781,TEUM
782,MTNB
783,BOTZ
784,AYX
785,SGBX
786,TRPX
787,CVNA
788,CHFS
789,SPI
790,LINU
791,ABIL
792,FTFT
793,MYO
794,ADOM
795,PIXY
796,CODX
797,GNPX
798,MDB
799,QD
800,FNKO
801,MAXR
802,SOGO
803,AYTU
804,IFRX
805,SFIX
806,AMRH
807,LLIT
808,PAVM
809,CPAH
810,LFIN
811,MJ
812,RHE
813,INNT
814,DBX
815,CRON
816,ZS
817,BILI
818,IQ
819,COCP
820,DOCU
821,HUYA
822,BLNK
823,YRIV
824,CORV
825,ZOM
826,TLRY
827,BNGO
828,TBLT
829,STNE
830,ACB
831,APHA
832,GHSI
833,BYND
834,RBZ
835,PHUN
836,SXTC
837,HEXO
838,VFF
839,CTST
840,JMIA
841,CTRM
842,ZM
843,CHWY
844,LK
845,OGI
846,CRWD
847,SDC
848,PTON
849,SPCE
850,DKNG